{"cameraMode":{"drawMode":0,"name":"Shaded","section":"Shading Mode"},"sceneLighting":true,"audioPlay":false,"sceneViewState":{"m_AlwaysRefresh":false,"showFog":true,"showSkybox":true,"showFlares":true,"showImageEffects":true,"showParticleSystems":true,"showVisualEffectGraphs":true,"m_FxEnabled":true},"in2DMode":false,"pivot":{"x":0.22697234153747559,"y":8.840744018554688,"z":5.446165084838867},"rotation":{"x":-0.6674603223800659,"y":0.004912287928164005,"z":-0.004403705708682537,"w":-0.744620144367218},"size":20.49883270263672,"orthographic":true}